{
	"manifest_version": 1,
	"id": "store.yimi.joplin-folder-mapping",
	"app_min_version": "3.2",
	"version": "1.0.3",
	"name": "Folder Mapping",
	"description": "这款专为Joplin笔记软件打造的插件，能够将Joplin中的笔记本目录精准映射到系统指定根目录下的同路径目录。借助该插件，用户可直接从 Joplin 笔记本跳转至对应的系统文件夹，轻松实现笔记目录管理与系统文件夹管理的深度融合，显著提升工作效率。",
	"author": "yimisunrise",
	"homepage_url": "https://yimisunrise.github.io/article/joplinfoldermapping",
	"repository_url": "https://github.com/yimisunrise/joplin-folder-mapping",
	"keywords": [
		"笔记本",
		"文件夹",
		"映射",
		"notebook",
		"folder",
		"mapping"
	],
	"categories": [],
	"screenshots": [],
	"icons": {},
	"promo_tile": {},
	"_publish_hash": "sha256:01c7837c8f6b174ac7460401a2654ad058135f7382a05a76b2bb9e12654315e2",
	"_publish_commit": "master:7bc34f2180d19f02ddc06fca4c99c89a1986c2da"
}